date,A,B,C,D,E
2022-08-28,54.5,50.84,29.92,21.286666666666665,31.94333333333333
2022-08-29,54.87,39.52666666666666,34.06,42.946666666666665,22.993333333333336
2022-08-30,54.48333333333333,40.18333333333334,32.52,40.583333333333336,26.69333333333333
2022-08-31,52.09666666666666,41.42,32.29333333333333,31.69333333333333,26.85
2022-09-01,51.77,43.15,36.34,46.303333333333335,31.30666666666667
2022-09-02,51.72666666666667,40.59,27.743333333333336,30.540000000000003,34.76
2022-09-03,52.68,48.196666666666665,37.77333333333333,37.56666666666667,35.09
2022-09-04,52.63666666666666,52.0,36.39,37.96,29.69333333333333
2022-09-05,53.43,39.72333333333333,31.36,32.79666666666667,28.33666666666667
2022-09-06,55.06333333333333,42.28333333333333,32.56666666666666,25.956666666666667,26.666666666666668
2022-09-07,51.31,44.54666666666666,30.61,32.15,30.816666666666663
2022-09-08,51.70666666666667,40.56333333333333,26.55333333333333,30.263333333333332,29.00333333333333
2022-09-09,51.75333333333333,42.27666666666666,28.16,26.493333333333336,33.06333333333333
2022-09-10,53.29666666666666,44.93000000000001,31.646666666666665,32.45666666666667,30.69333333333333
2022-09-11,53.31,47.120000000000005,28.99666666666667,32.64666666666667,29.203333333333333
2022-09-12,53.17,36.49666666666667,33.276666666666664,37.07666666666666,29.74666666666667
2022-09-13,52.15,46.303333333333335,28.74666666666667,35.48,24.26333333333333
2022-09-14,53.09,35.69,27.74,21.05,23.906666666666663
2022-09-15,49.336666666666666,36.50666666666667,24.186666666666667,39.51,26.42
2022-09-16,52.696666666666665,35.85,29.343333333333334,21.53333333333333,27.80666666666667
2022-09-17,51.61000000000001,30.486666666666668,38.67,36.123333333333335,30.163333333333338
2022-09-18,51.77,47.35999999999999,30.863333333333333,32.21,32.52
2022-09-19,51.55666666666667,37.07666666666667,28.113333333333333,36.68333333333334,27.063333333333333
2022-09-20,51.07333333333333,28.616666666666664,30.096666666666668,44.053333333333335,29.83333333333333
2022-09-21,50.96,38.943333333333335,30.00333333333333,39.10333333333333,25.94666666666667
2022-09-22,49.06333333333333,39.27666666666667,34.330000000000005,23.47666666666667,28.546666666666667
2022-09-23,48.76666666666667,37.84333333333333,32.04666666666667,37.35,29.5
2022-09-24,48.22666666666667,36.79333333333333,36.27666666666666,41.41333333333333,35.85666666666666
2022-09-25,48.60333333333333,41.81,43.26666666666667,38.443333333333335,35.04333333333333
2022-09-26,48.55,29.05,28.636666666666667,41.2,26.626666666666665
2022-09-27,51.09,37.16,29.7,28.96666666666667,27.326666666666668
2022-09-28,53.833333333333336,34.653333333333336,34.800000000000004,21.866666666666664,22.75333333333333
2022-09-29,55.41,34.266666666666666,25.85,41.18,29.62
2022-09-30,55.35666666666666,38.35333333333333,28.19666666666667,34.123333333333335,31.11
2022-10-01,55.39666666666667,42.77666666666666,27.58,39.79666666666667,31.48
2022-10-02,55.03333333333333,48.53666666666667,31.4,45.93666666666667,29.07333333333333
2022-10-03,54.02666666666666,38.833333333333336,30.62333333333333,23.796666666666667,24.72
2022-10-04,52.72666666666667,39.45333333333333,30.006666666666664,27.82,27.95
2022-10-05,55.0,39.803333333333335,32.97,41.97,26.563333333333333
2022-10-06,56.60333333333333,41.43666666666667,36.16333333333333,37.81666666666667,28.766666666666666
2022-10-07,56.54333333333333,41.18,31.290000000000003,25.83333333333333,29.58
2022-10-08,56.51333333333333,46.31333333333333,34.02333333333333,41.72,30.183333333333334
2022-10-09,56.71333333333333,39.91,34.71666666666667,30.69666666666667,31.090000000000003
2022-10-10,58.05666666666667,40.55,29.386666666666667,22.97,28.17
2022-10-11,58.3,40.78333333333333,29.903333333333336,34.18666666666667,28.736666666666668
2022-10-12,57.873333333333335,44.56,32.38,34.973333333333336,26.94333333333333
2022-10-13,58.41666666666666,43.56333333333333,28.843333333333334,35.51,29.683333333333334
2022-10-14,58.00333333333333,47.67,34.20666666666667,38.586666666666666,24.736666666666668
2022-10-15,57.906666666666666,46.88,35.25333333333333,40.306666666666665,27.55
2022-10-16,57.17,33.0,27.13,21.655,25.785
2022-10-17,58.223333333333336,41.51333333333333,34.050000000000004,27.45,25.183333333333334
2022-10-18,58.38666666666666,38.89333333333333,31.136666666666667,31.55333333333333,20.826666666666668
2022-10-19,61.41333333333333,42.94,23.636666666666667,27.153333333333336,26.116666666666664
2022-10-20,63.02,42.623333333333335,31.436666666666667,40.35333333333333,28.33
2022-10-21,63.73666666666666,39.34666666666666,28.65,37.47666666666667,27.99333333333333
2022-10-22,64.51,41.395,45.99666666666667,35.395,12.01
2022-10-23,64.82000000000001,53.18333333333334,36.583333333333336,44.09333333333333,29.626666666666665
2022-10-24,64.74333333333334,38.12,28.896666666666665,31.85,22.606666666666666
2022-10-25,65.39,38.1,28.33,34.04666666666667,22.12333333333333
2022-10-26,65.10000000000001,42.52,23.076666666666668,30.246666666666663,21.680000000000003
2022-10-27,65.52,43.02333333333333,27.3,35.14666666666667,20.843333333333334
2022-10-28,64.64999999999999,36.626666666666665,24.33333333333333,38.11666666666667,23.77
2022-10-29,64.76333333333334,41.63666666666666,26.66333333333333,42.193333333333335,28.986666666666668
2022-10-30,64.81333333333333,42.54666666666666,29.14,40.943333333333335,32.093333333333334
2022-10-31,65.89666666666666,33.166666666666664,28.17,34.18666666666667,25.126666666666665
2022-11-01,67.74,33.63,31.813333333333333,33.47666666666667,21.89333333333333
2022-11-02,68.16666666666667,35.78666666666667,29.41,40.11,22.406666666666663
2022-11-03,69.59,38.05,28.92,44.47666666666667,26.040000000000003
2022-11-04,68.87666666666667,49.89666666666667,39.57,37.78,31.426666666666662
2022-11-05,70.03333333333335,44.39333333333334,32.086666666666666,42.33,26.92333333333333
2022-11-06,69.59666666666666,50.66333333333333,35.026666666666664,46.99333333333333,30.03333333333333
2022-11-07,70.06333333333333,36.65333333333333,25.76,22.87333333333333,21.12
2022-11-08,71.30333333333334,29.293333333333333,31.51,18.64333333333333,21.026666666666667
2022-11-09,72.94666666666666,42.77333333333333,27.399999999999995,32.84,24.41
2022-11-10,73.39666666666666,36.59333333333333,25.863333333333333,27.56,26.53333333333333
2022-11-11,74.0,43.84,24.01,30.87,26.183333333333334
2022-11-12,74.76666666666667,50.39000000000001,37.056666666666665,27.33,24.69333333333333
2022-11-13,75.11999999999999,40.96666666666667,35.016666666666666,32.050000000000004,31.543333333333333
2022-11-14,73.69,33.09,22.91,25.85333333333333,24.96333333333333
2022-11-15,73.09666666666666,40.77,26.34,25.06,23.76
2022-11-16,74.58333333333333,41.696666666666665,29.036666666666665,36.45,21.026666666666667
2022-11-17,74.08666666666666,36.93333333333333,26.60333333333333,29.56,26.62
2022-11-18,75.92666666666666,44.0,29.540000000000003,34.17333333333333,23.593333333333334
2022-11-19,78.20666666666666,42.98333333333333,34.0,44.75,27.91
2022-11-20,78.48333333333333,40.3,39.6,32.17666666666667,21.996666666666663
2022-11-21,77.80333333333333,42.05,26.24666666666667,40.55,21.433333333333334
2022-11-22,77.45,29.91,30.59,24.30333333333333,21.39
2022-11-23,78.44666666666667,36.32666666666667,29.19333333333333,23.236666666666668,23.16
2022-11-24,78.49333333333334,38.59666666666666,27.346666666666668,38.28,27.166666666666668
2022-11-25,76.26333333333334,42.31,25.293333333333333,30.58,22.456666666666667
2022-11-26,78.32000000000001,43.26333333333333,32.126666666666665,38.42,26.276666666666667
2022-11-27,78.71333333333332,41.18333333333333,32.156666666666666,40.303333333333335,29.076666666666668
2022-11-28,78.33,35.806666666666665,19.88,30.46333333333333,25.096666666666664
2022-11-29,78.12666666666667,39.14333333333334,26.37,32.47666666666667,25.863333333333333
2022-11-30,76.85333333333334,33.913333333333334,24.986666666666668,24.67,22.23333333333333
2022-12-01,73.80333333333334,36.04,28.930000000000003,29.15,23.456666666666667
2022-12-02,72.67999999999999,34.39666666666667,25.17333333333333,33.75,28.36
2022-12-03,77.33333333333333,47.54333333333333,31.37333333333333,50.76666666666667,28.723333333333333
2022-12-04,77.83666666666666,36.95333333333333,38.03,51.14666666666667,30.74
2022-12-05,75.77666666666666,32.37,23.040000000000003,34.86000000000001,22.046666666666667
2022-12-06,72.27333333333333,34.410000000000004,23.16333333333333,26.110000000000003,25.67
2022-12-07,75.32666666666667,36.41,28.50333333333333,26.72,27.02
2022-12-08,74.48,34.77333333333333,28.08,35.23666666666667,24.49666666666667
2022-12-09,73.53666666666668,32.88,28.593333333333334,25.2,26.68
2022-12-10,72.93666666666667,35.06333333333333,32.68333333333333,26.28333333333333,28.523333333333337
2022-12-11,73.05,35.053333333333335,34.233333333333334,46.77666666666666,26.75
2022-12-12,73.30333333333333,22.8,27.46666666666667,32.79333333333333,27.119999999999997
2022-12-13,74.07666666666667,28.866666666666664,24.756666666666664,24.31,26.626666666666665
2022-12-14,73.86666666666666,27.19333333333333,24.203333333333333,21.1,26.30666666666667
2022-12-15,74.19666666666667,35.93666666666667,23.346666666666668,28.826666666666664,22.44
2022-12-16,73.23,35.846666666666664,21.876666666666665,40.83,26.52333333333333
2022-12-17,73.63333333333334,41.443333333333335,34.03,38.74666666666666,31.08
2022-12-18,72.92999999999999,38.85333333333333,36.156666666666666,36.07,27.223333333333333
2022-12-19,73.69,37.06333333333333,27.45,36.62,25.33
2022-12-20,74.82666666666667,36.45333333333333,35.056666666666665,36.84,30.766666666666666
2022-12-21,78.54333333333334,33.51,34.336666666666666,31.356666666666666,26.606666666666666
2022-12-22,79.67999999999999,23.236666666666665,28.62333333333333,32.04,27.700000000000003
2022-12-23,79.69333333333333,28.30333333333333,26.506666666666664,23.536666666666665,27.85333333333333
2022-12-24,79.16000000000001,33.50666666666667,34.71666666666667,39.02,35.42333333333333
2022-12-25,79.12333333333333,40.56333333333333,31.25333333333333,34.78,30.55
2022-12-26,77.63333333333333,29.65,29.30666666666667,31.28333333333333,29.27333333333333
2022-12-27,78.01333333333334,37.59,33.85666666666667,28.58,28.546666666666667
2022-12-28,79.02,36.53,34.17333333333334,39.15,28.916666666666668
2022-12-29,80.53333333333333,38.89333333333334,36.00666666666667,29.593333333333334,30.973333333333333
2022-12-30,79.83,41.406666666666666,26.52,36.25333333333333,30.576666666666668
2022-12-31,84.09333333333333,32.37,37.22,40.833333333333336,27.44333333333333
2023-01-01,84.45333333333333,37.21333333333333,45.03333333333333,48.24333333333333,38.57
2023-01-02,80.30666666666667,40.34,30.613333333333333,45.52333333333333,35.43333333333333
2023-01-03,75.87333333333333,32.580000000000005,35.43666666666667,37.330000000000005,25.53333333333333
2023-01-04,73.51,31.62333333333333,29.326666666666668,43.52,35.06333333333333
2023-01-05,73.17,47.42,42.79666666666666,39.85,35.17666666666667
2023-01-06,73.06333333333333,46.18333333333334,40.74666666666667,36.73,35.56
2023-01-07,75.41,38.04666666666667,37.54,28.950000000000003,31.166666666666668
2023-01-08,74.92666666666666,37.41,32.07666666666667,40.50333333333334,30.826666666666668
2023-01-09,77.06666666666666,31.48,24.016666666666666,28.736666666666665,26.46
2023-01-10,74.33,29.566666666666663,23.416666666666668,47.123333333333335,23.52333333333333
2023-01-11,78.09666666666668,29.75,25.91333333333333,30.413333333333338,24.656666666666663
2023-01-12,78.27999999999999,32.31666666666667,33.92,28.183333333333334,31.02
2023-01-13,79.12333333333333,31.05666666666667,28.636666666666667,30.4,29.95
2023-01-14,79.27333333333333,44.38666666666666,38.51333333333333,34.78,36.583333333333336
2023-01-15,79.37666666666667,34.946666666666665,30.043333333333333,41.62,25.22
2023-01-16,79.70333333333333,29.4,21.076666666666668,40.22,23.73333333333333
2023-01-17,78.3,27.75333333333333,28.706666666666667,35.693333333333335,25.223333333333333
2023-01-18,79.25666666666666,31.72,20.43,21.82,26.540000000000003
2023-01-19,77.90666666666667,31.94333333333333,26.46,27.94,27.486666666666665
2023-01-20,80.00666666666666,33.57333333333333,29.433333333333334,38.76,24.22
2023-01-21,79.72333333333334,34.81,36.85333333333333,45.9,33.82
2023-01-22,80.04,44.833333333333336,42.06666666666667,22.14,31.65
2023-01-23,79.94666666666667,27.48,24.71333333333333,27.81,26.17
2023-01-24,83.11666666666666,35.626666666666665,29.72666666666667,36.99666666666666,26.3
2023-01-25,85.33,36.94,23.91,39.26,26.19
2023-01-26,87.39,26.71,27.593333333333334,29.723333333333333,25.26
2023-01-27,87.38333333333333,38.47,26.9,39.31,28.433333333333334
2023-01-28,87.29,27.52333333333333,40.83,28.343333333333334,29.11
2023-01-29,87.46333333333332,38.06333333333333,34.66,30.473333333333333,25.813333333333333
2023-01-30,87.04333333333334,29.94666666666667,24.166666666666668,32.89666666666667,25.876666666666665
2023-01-31,87.70666666666666,28.820000000000004,25.096666666666664,22.99,24.863333333333333
2023-02-01,87.13,22.293333333333333,27.88,26.27,26.146666666666665
2023-02-02,87.00666666666666,28.76666666666667,25.72,30.81,32.376666666666665
2023-02-03,87.70666666666666,31.69666666666667,29.19,22.89333333333333,30.063333333333333
2023-02-04,92.19,37.73,37.73333333333333,40.02333333333333,23.62333333333333
2023-02-05,91.08333333333331,36.083333333333336,30.426666666666662,29.67333333333333,29.55333333333333
2023-02-06,91.93,29.063333333333333,26.94333333333333,29.03,27.923333333333336
2023-02-07,88.13666666666666,28.816666666666663,26.21333333333333,34.27333333333333,23.53333333333333
2023-02-08,90.08666666666666,30.22,27.906666666666663,33.556666666666665,25.58333333333333
2023-02-09,92.17,34.68333333333334,27.286666666666665,29.820000000000004,28.30333333333333
2023-02-10,92.47666666666667,34.61666666666667,30.83,23.986666666666668,27.916666666666668
2023-02-11,94.23666666666666,45.16333333333333,30.58666666666667,33.70666666666667,30.343333333333334
2023-02-12,94.04,36.12,31.53,25.46,30.05333333333333
2023-02-13,96.13333333333333,29.78333333333333,26.83333333333333,20.12666666666667,22.16333333333333
2023-02-14,91.57666666666668,33.696666666666665,23.433333333333334,28.046666666666667,23.96
2023-02-15,90.6,38.42666666666667,28.356666666666666,28.66333333333333,28.19666666666667
2023-02-16,93.37666666666668,36.123333333333335,27.53333333333333,26.596666666666664,26.040000000000003
2023-02-17,95.16,37.79,22.51333333333333,38.71666666666667,25.316666666666663
2023-02-18,95.33,46.01666666666667,27.523333333333337,29.993333333333336,33.28
2023-02-19,95.63333333333333,39.39666666666667,30.69333333333333,46.586666666666666,35.62666666666667
2023-02-20,96.80666666666669,38.473333333333336,25.46333333333333,25.723333333333333,27.406666666666663
2023-02-21,97.47666666666667,37.59666666666666,24.493333333333336,34.58,22.48
2023-02-22,97.64,30.736666666666665,31.60666666666667,26.78333333333333,27.17
2023-02-23,99.19666666666669,32.11,46.84666666666666,39.71666666666667,38.03666666666667
2023-02-24,99.71,35.28333333333333,32.63,28.866666666666664,31.84
2023-02-25,99.55,29.456666666666667,42.35666666666666,42.10666666666667,30.78
2023-02-26,99.62,32.263333333333335,33.24333333333333,39.836666666666666,29.39
2023-02-27,99.34666666666664,21.766666666666666,27.87,22.316666666666663,27.28333333333333
2023-02-28,99.04333333333334,28.87,27.456666666666667,18.506666666666664,24.92333333333333
2023-03-01,99.10666666666668,25.493333333333336,31.55333333333333,19.55333333333333,26.22
2023-03-02,98.47333333333334,34.75666666666667,32.17666666666667,22.85,23.77
2023-03-03,99.42,26.176666666666662,30.486666666666668,32.67333333333333,24.58
2023-03-04,98.94333333333331,44.99333333333334,41.833333333333336,30.916666666666668,24.953333333333333
2023-03-05,99.71999999999998,29.16,42.873333333333335,28.813333333333333,29.38
2023-03-06,99.49333333333334,33.07,29.28,25.14333333333333,23.703333333333333
2023-03-07,102.64333333333332,30.92333333333333,29.96,21.46666666666667,27.926666666666662
2023-03-08,102.42333333333332,25.48,43.53666666666667,35.876666666666665,24.026666666666667
2023-03-09,102.57333333333334,20.38,21.92333333333333,21.566666666666663,19.80333333333333
2023-03-10,102.85,35.54333333333333,31.776666666666667,31.39,26.24666666666667
2023-03-11,102.7,33.97666666666667,37.60666666666666,24.05,26.47
2023-03-12,102.87,41.56333333333333,35.083333333333336,38.02333333333333,24.46333333333333
2023-03-13,102.12333333333332,37.23,31.87,26.026666666666667,23.826666666666668
2023-03-14,100.31,23.436666666666667,36.35,35.77333333333333,26.076666666666668
2023-03-15,99.10666666666668,27.06,33.47,25.46333333333333,26.96
2023-03-16,98.38333333333333,27.066666666666663,30.57333333333333,29.163333333333338,22.15
2023-03-17,101.65333333333332,29.396666666666665,30.986666666666665,42.38666666666666,22.723333333333333
2023-03-18,103.28,34.443333333333335,34.49666666666666,29.78333333333333,38.76
2023-03-19,103.74666666666668,35.24666666666666,35.37,43.5,24.44666666666667
2023-03-20,104.05,37.99666666666666,28.76,32.89666666666667,21.176666666666662
2023-03-21,103.9,32.656666666666666,30.22666666666667,27.866666666666664,24.246666666666663
2023-03-22,101.34666666666668,26.98333333333333,33.98333333333333,21.37333333333333,25.84
2023-03-23,98.94333333333331,17.900000000000002,31.9,44.41,29.543333333333333
2023-03-24,99.25666666666666,26.94666666666667,27.813333333333333,26.19333333333333,19.94666666666667
2023-03-25,98.72333333333334,28.953333333333333,37.43666666666667,31.850000000000005,32.406666666666666
2023-03-26,99.33333333333331,39.016666666666666,38.330000000000005,30.386666666666667,30.743333333333336
2023-03-27,99.01666666666668,28.903333333333336,29.89,43.23666666666666,23.526666666666667
2023-03-28,98.56,31.21,29.266666666666666,32.99666666666667,22.15
2023-03-29,99.06333333333332,31.75,33.54333333333333,27.316666666666663,26.926666666666662
2023-03-30,105.73,25.296666666666667,29.17,33.51333333333333,26.293333333333333
2023-03-31,110.49333333333334,29.950000000000003,27.38,38.14333333333333,24.32333333333333
2023-04-01,105.08666666666666,40.42666666666667,38.95666666666667,43.43333333333334,35.36333333333334
2023-04-02,105.47666666666667,36.38333333333333,29.816666666666663,26.905,26.146666666666665
2023-04-03,109.08,30.27,28.58666666666667,28.91,25.95
2023-04-04,114.84333333333332,33.233333333333334,31.14333333333333,48.373333333333335,28.493333333333336
2023-04-05,114.99333333333334,23.05,33.31666666666667,28.28,25.43
2023-04-06,114.68,29.66333333333333,32.03333333333333,36.9,25.48
2023-04-07,111.90666666666668,36.53666666666667,32.666666666666664,33.04666666666667,27.05333333333333
2023-04-08,115.55333333333331,36.78333333333333,32.81,40.62,31.25333333333333
2023-04-09,115.38,35.663333333333334,32.56666666666667,33.193333333333335,32.473333333333336
2023-04-10,115.71,35.06666666666667,29.88333333333333,28.986666666666668,27.883333333333336
2023-04-11,114.72333333333334,28.32333333333333,28.886666666666667,31.026666666666667,28.363333333333333
2023-04-12,114.09,35.24666666666666,27.046666666666667,38.63666666666666,27.69
2023-04-13,112.96666666666664,33.60333333333333,31.72,30.37,26.933333333333334
2023-04-14,116.45666666666666,34.23,30.98,36.98333333333333,28.43
2023-04-15,117.27333333333333,39.32666666666666,39.56333333333333,47.03666666666667,26.6
2023-04-16,117.25666666666666,28.953333333333337,35.42666666666667,35.69,29.86
2023-04-17,117.58333333333331,24.83,24.00333333333333,29.786666666666665,24.34
2023-04-18,115.13666666666666,30.616666666666664,26.813333333333333,28.35333333333333,26.683333333333334
2023-04-19,114.59666666666668,32.156666666666666,27.916666666666668,27.98,27.92333333333333
2023-04-20,113.58,30.916666666666668,31.76333333333333,27.96,29.07333333333333
2023-04-21,114.21666666666664,39.01666666666667,31.676666666666662,25.876666666666665,27.126666666666665
2023-04-22,112.60333333333334,37.876666666666665,39.91333333333333,26.903333333333336,27.600000000000005
2023-04-23,113.43,40.78333333333333,36.056666666666665,37.38666666666666,28.76
2023-04-24,112.26333333333334,37.14333333333334,28.87333333333333,31.063333333333333,25.570000000000004
2023-04-25,111.36666666666667,33.473333333333336,25.14,36.29,24.66
2023-04-26,111.63666666666666,35.13333333333333,30.736666666666665,32.81333333333333,25.55333333333333
2023-04-27,111.13333333333333,37.48333333333333,32.29666666666667,33.47,26.973333333333333
2023-04-28,109.83,37.24,32.18,38.75333333333334,29.52333333333333
2023-04-29,109.92666666666666,44.21666666666667,43.09666666666667,34.32,28.756666666666664
2023-04-30,110.87666666666668,38.473333333333336,36.63,26.49666666666667,29.46
2023-05-01,109.94,40.74666666666666,37.156666666666666,47.02333333333333,26.016666666666666
2023-05-02,108.88333333333333,25.070000000000004,28.236666666666668,34.94,31.790000000000003
2023-05-03,108.99,34.910000000000004,29.47666666666667,34.24333333333333,26.87
2023-05-04,110.98666666666666,30.13,28.47,39.330000000000005,26.23
2023-05-05,111.33333333333331,31.936666666666667,30.57,39.24,26.473333333333333
2023-05-06,112.33,48.336666666666666,42.71333333333333,37.39666666666667,34.87
2023-05-07,112.24,37.7,31.92,38.806666666666665,30.50333333333333
2023-05-08,112.66,39.75333333333334,40.17333333333334,49.49,30.23
2023-05-09,112.00666666666666,34.70666666666667,39.34,40.99666666666666,29.86
2023-05-10,111.15666666666668,29.6,30.906666666666663,35.306666666666665,27.566666666666663
2023-05-11,107.49333333333334,28.126666666666665,30.040000000000003,35.88333333333333,26.21333333333333
2023-05-12,105.41666666666669,33.78,27.96666666666667,34.21666666666667,25.42333333333333
2023-05-13,103.46,44.56666666666666,32.12,34.24666666666667,27.826666666666668
2023-05-14,102.41,39.54333333333333,34.29333333333333,46.98,30.62
2023-05-15,103.11666666666666,31.00666666666667,27.17,28.42333333333333,29.186666666666667
2023-05-16,107.91666666666669,40.13,33.60333333333333,28.836666666666662,25.68
2023-05-17,106.24,34.42333333333333,25.96333333333333,29.633333333333336,29.703333333333333
2023-05-18,103.03000000000002,30.87,30.12,26.493333333333336,25.86
2023-05-19,111.42666666666666,31.71666666666667,29.820000000000004,31.236666666666665,23.31
2023-05-20,112.56,30.32333333333333,37.6,27.790000000000003,31.35
2023-05-21,114.05,39.63666666666666,40.79,36.16666666666666,23.816666666666663
2023-05-22,113.10333333333334,37.02333333333333,31.91,31.82333333333333,25.843333333333334
2023-05-23,108.44333333333331,33.39666666666667,27.346666666666664,37.29,23.75666666666667
2023-05-24,104.12,33.88666666666666,22.58333333333333,28.7,26.72666666666667
2023-05-25,101.81,28.046666666666667,28.28,37.72333333333333,24.516666666666666
2023-05-26,106.36,31.53333333333333,30.01,32.88333333333333,23.566666666666663
2023-05-27,109.3,43.75666666666667,28.12,14.066666666666668,25.97
2023-05-28,107.23333333333332,34.82666666666667,28.53333333333333,23.105,26.87
2023-05-29,108.33333333333331,33.17,27.536666666666665,27.35,26.493333333333336
2023-05-30,102.13333333333333,34.21,27.383333333333336,35.57333333333333,25.576666666666664
2023-05-31,101.15,34.86333333333334,28.96333333333333,33.54,24.58
2023-06-01,104.70666666666666,33.4,31.886666666666667,30.15,23.48
2023-06-02,103.82333333333334,31.453333333333333,28.51,18.9,23.56
2023-06-03,104.53333333333336,38.35,30.326666666666668,42.81666666666666,27.77333333333333
2023-06-04,103.24333333333334,41.123333333333335,36.973333333333336,34.913333333333334,32.27
2023-06-05,101.24666666666668,30.916666666666668,27.08333333333333,39.46333333333333,23.83
2023-06-06,101.08,34.419999999999995,30.77333333333333,27.78333333333333,26.563333333333333
2023-06-07,101.38666666666666,28.743333333333336,26.203333333333333,11.44,26.15
2023-06-08,106.88,25.21333333333333,26.94666666666667,24.296666666666667,25.75
2023-06-09,102.67666666666668,34.14333333333334,25.426666666666662,27.66,24.866666666666664
2023-06-10,95.34,31.926666666666662,29.57333333333333,35.276666666666664,30.046666666666667
2023-06-11,97.69666666666666,35.50666666666667,32.81666666666666,36.18,24.116666666666664
2023-06-12,97.22333333333334,34.10333333333333,24.746666666666663,38.28,25.60333333333333
2023-06-13,83.75666666666666,29.156666666666663,22.33,28.7,25.07333333333333
2023-06-14,70.69333333333333,35.99,25.80666666666667,41.18666666666667,27.316666666666663
2023-06-15,75.22333333333334,25.32333333333333,22.2,37.42666666666667,25.676666666666662
2023-06-16,78.91333333333334,23.66,24.49333333333333,37.52666666666667,22.65
2023-06-17,85.28666666666666,41.07333333333333,27.649999999999995,45.43666666666667,21.53
2023-06-18,85.95,39.48,40.876666666666665,47.46,24.066666666666663
2023-06-19,88.33666666666666,33.88333333333333,23.606666666666666,24.43,21.506666666666664
2023-06-20,89.33999999999999,31.176666666666662,21.60333333333333,41.86,28.683333333333334
2023-06-21,89.74333333333334,37.75666666666667,22.94,32.89333333333334,27.756666666666664
2023-06-22,89.82666666666667,37.14666666666667,25.22666666666667,38.57666666666667,26.17
2023-06-23,92.08666666666666,31.67333333333333,26.826666666666664,37.46333333333333,28.05333333333333
2023-06-24,91.84333333333332,34.38333333333333,34.34666666666667,32.03,31.24
2023-06-25,92.27333333333333,41.74333333333333,36.580000000000005,22.886666666666667,28.566666666666663
2023-06-26,91.25333333333332,40.45666666666667,25.80666666666667,28.76333333333333,27.75333333333333
2023-06-27,87.99000000000001,37.37,21.29,27.613333333333333,26.826666666666668
2023-06-28,87.02333333333333,31.2,31.683333333333334,27.683333333333334,30.93
2023-06-29,86.93333333333334,35.78333333333333,30.30333333333333,22.149999999999995,24.636666666666667
2023-06-30,84.46666666666667,34.413333333333334,18.28333333333333,33.61333333333334,30.42
2023-07-01,87.67333333333333,42.76333333333333,38.123333333333335,23.403333333333336,32.24333333333333
2023-07-02,87.50666666666666,36.67666666666667,26.086666666666662,33.71,25.646666666666665
2023-07-03,88.97333333333334,36.11333333333334,27.03,23.433333333333334,23.09
2023-07-04,94.57666666666668,28.016666666666666,28.90333333333333,30.44,25.506666666666664
2023-07-05,90.62333333333332,32.67666666666667,28.67,27.72,26.473333333333333
2023-07-06,89.54666666666667,30.366666666666664,20.133333333333333,26.51,27.100000000000005
2023-07-07,96.86,29.63,24.636666666666667,25.413333333333338,23.680000000000003
2023-07-08,89.88333333333333,41.5,36.05,29.91333333333333,26.72666666666667
2023-07-09,90.87666666666668,42.89000000000001,31.7,31.790000000000003,31.366666666666664
2023-07-10,91.77666666666666,32.01,25.01333333333333,25.453333333333333,22.33
2023-07-11,97.31666666666666,32.89333333333334,27.2,34.00333333333334,24.89
2023-07-12,94.66666666666669,30.886666666666667,27.686666666666667,30.896666666666665,27.55333333333333
2023-07-13,96.27333333333333,30.933333333333334,26.30666666666667,34.27,27.586666666666662
2023-07-14,96.30666666666669,41.59666666666666,30.426666666666662,32.303333333333335,26.926666666666662
2023-07-15,103.28333333333336,49.31,35.553333333333335,45.73333333333333,30.793333333333333
2023-07-16,103.08,42.41333333333333,30.686666666666667,43.8,33.51
2023-07-17,102.53666666666668,30.33,29.399999999999995,32.27333333333333,22.30666666666667
2023-07-18,98.55,36.97666666666667,26.820000000000004,23.456666666666667,22.53333333333333
2023-07-19,97.54333333333334,35.306666666666665,28.78333333333333,23.45,25.23
2023-07-20,95.24333333333334,33.99333333333333,29.49,18.85333333333333,26.89333333333333
2023-07-21,97.34,34.373333333333335,29.58666666666667,30.813333333333333,30.376666666666665
2023-07-22,94.465,46.87,34.45666666666667,27.96,25.98333333333333
2023-07-23,94.135,35.47666666666667,28.866666666666664,33.95,25.906666666666663
2023-07-24,100.05666666666669,35.53,25.53,37.25666666666667,27.55
2023-07-25,92.70666666666666,31.25,24.69,33.413333333333334,26.356666666666666
2023-07-26,93.60666666666668,33.56666666666667,23.51,24.36,22.97
2023-07-27,91.08333333333331,37.18333333333333,25.96333333333333,26.49333333333333,25.346666666666668
2023-07-28,90.82,36.03666666666667,25.3,31.46333333333333,25.3
2023-07-29,90.41666666666669,42.60999999999999,38.18,33.056666666666665,27.290000000000003
2023-07-30,91.1,41.196666666666665,29.286666666666665,30.47,34.526666666666664
2023-07-31,90.93,37.51333333333333,26.996666666666663,35.903333333333336,21.49666666666667
2023-08-01,91.12666666666668,29.366666666666664,26.31,25.916666666666668,26.90333333333333
2023-08-02,90.51666666666668,32.093333333333334,30.05,40.85333333333333,25.396666666666665
2023-08-03,85.95,32.02,21.756666666666664,28.76,24.926666666666662
2023-08-04,86.52,37.57,24.14,32.276666666666664,26.486666666666668
2023-08-05,86.31333333333333,42.36666666666667,44.78,39.07666666666667,27.926666666666662
2023-08-06,86.71666666666665,39.71666666666667,34.419999999999995,41.20666666666667,30.46666666666667
2023-08-07,86.11666666666667,30.863333333333333,22.95,29.48333333333333,20.81
2023-08-08,83.70666666666666,30.44333333333333,23.73,29.44666666666667,24.486666666666668
2023-08-09,88.72333333333334,28.956666666666667,29.916666666666668,34.93,23.916666666666668
2023-08-10,89.23333333333333,23.683333333333334,28.75666666666667,41.943333333333335,26.536666666666665
2023-08-11,88.33,28.71666666666667,22.12,35.29,22.276666666666667
2023-08-12,89.41000000000001,39.49333333333333,30.17333333333333,47.84,28.626666666666665
2023-08-13,89.02333333333333,42.62,37.20666666666667,38.36666666666667,28.77666666666667
2023-08-14,89.05,37.806666666666665,28.47666666666667,40.833333333333336,27.95
2023-08-15,89.18,27.926666666666662,26.02,25.57333333333333,28.62
2023-08-16,88.61,30.12333333333333,23.326666666666668,36.29333333333333,25.826666666666668
2023-08-17,88.72000000000001,33.163333333333334,27.136666666666667,41.833333333333336,25.290000000000003
2023-08-18,88.71999999999998,34.04333333333333,25.796666666666667,39.57333333333333,24.886666666666667
2023-08-19,88.92333333333333,39.876666666666665,33.166666666666664,50.72,24.9
2023-08-20,79.92,43.45666666666667,31.376666666666665,34.575,30.8
2023-08-21,88.40000000000002,32.10333333333333,22.99,42.90333333333333,27.33333333333333
2023-08-22,89.04333333333334,34.01,25.80666666666667,44.196666666666665,27.486666666666668
2023-08-23,88.7,28.87,28.866666666666664,37.54333333333334,26.73
2023-08-24,88.11666666666667,35.69,27.71666666666667,32.99,27.23
2023-08-25,91.02333333333333,34.223333333333336,28.063333333333333,42.18333333333334,28.973333333333333
2023-08-26,94.69,34.57333333333333,30.043333333333333,41.16,29.72
2023-08-27,95.19,41.11333333333334,35.6,40.38333333333333,35.02
2023-08-28,90.86333333333332,27.77,25.46666666666667,30.993333333333336,24.366666666666664
2023-08-29,88.60666666666667,31.156666666666663,26.266666666666666,36.75333333333333,31.36333333333333
2023-08-30,95.08333333333331,25.38333333333333,25.6,46.21,27.786666666666665
2023-08-31,94.96666666666664,33.733333333333334,27.590000000000003,34.39666666666667,21.14
2023-09-01,92.79666666666668,31.013333333333332,25.326666666666668,36.66,26.596666666666664
2023-09-02,95.35,36.54333333333333,21.87333333333333,40.29666666666667,34.31333333333333
2023-09-03,87.95500000000001,46.4,25.513333333333332,36.303333333333335,30.166666666666668
2023-09-04,95.23666666666666,30.76666666666667,25.48333333333333,27.790000000000003,21.256666666666668
2023-09-05,95.03000000000002,32.65,26.15333333333333,39.77333333333333,24.136666666666667
2023-09-06,95.42666666666666,34.60666666666666,26.646666666666665,34.24333333333333,30.26333333333333
2023-09-07,96.62666666666668,36.306666666666665,29.57,41.22666666666667,31.570000000000004
2023-09-08,100.07,28.973333333333333,23.086666666666662,42.11333333333334,25.40333333333333
2023-09-09,107.05666666666669,42.14,31.653333333333336,52.29666666666666,32.913333333333334
2023-09-10,104.29333333333334,36.43,30.616666666666664,18.926666666666662,26.813333333333333
2023-09-11,104.15666666666664,30.89333333333333,26.35333333333333,45.32,27.19666666666667
2023-09-12,102.71,30.776666666666667,27.763333333333332,46.61666666666667,27.25666666666667
2023-09-13,101.93333333333334,29.97666666666667,23.73333333333333,38.94,26.86
2023-09-14,104.98333333333332,32.25666666666667,28.816666666666663,37.74,24.4
2023-09-15,104.41333333333334,35.21,29.33333333333333,35.04333333333333,26.46
2023-09-16,103.99333333333334,42.63,36.66,32.93666666666667,33.166666666666664
2023-09-17,104.2,45.72,36.68333333333334,41.086666666666666,34.663333333333334
2023-09-18,104.60333333333334,35.74333333333333,28.096666666666664,40.3,24.30333333333333
2023-09-19,104.50666666666666,30.793333333333333,26.47,44.88,25.85333333333333
2023-09-20,103.63333333333333,31.346666666666668,24.723333333333333,39.446666666666665,24.53333333333333
2023-09-21,103.94666666666669,28.71,25.646666666666665,38.09333333333333,23.72
2023-09-22,103.11666666666667,31.456666666666667,26.326666666666668,35.800000000000004,27.14333333333333
2023-09-23,103.84333333333332,41.61000000000001,33.97,36.93,32.01
2023-09-24,103.61666666666667,42.72,35.45333333333333,42.70666666666667,25.3
2023-09-25,102.60333333333334,37.25666666666667,24.97666666666667,45.26333333333333,25.94666666666667
2023-09-26,104.20666666666666,27.75333333333333,26.376666666666665,38.67666666666667,28.34
2023-09-27,110.42666666666666,37.693333333333335,24.55666666666667,41.45333333333333,25.4
2023-09-28,110.68,37.76333333333333,27.23333333333333,33.37,25.94333333333333
2023-09-29,110.19333333333334,28.546666666666667,26.663333333333338,32.31,26.876666666666665
2023-09-30,110.90666666666668,35.29333333333333,30.136666666666667,38.72666666666667,30.013333333333332
2023-10-01,109.33,37.86,32.13999999999999,32.14,31.12
2023-10-02,110.99666666666668,34.33,16.11,44.35333333333333,21.75333333333333
2023-10-03,114.04,35.723333333333336,19.506666666666664,40.99666666666667,21.736666666666668
2023-10-04,112.25666666666666,33.11333333333334,24.69666666666667,44.76,25.57333333333333
2023-10-05,113.68666666666668,31.02333333333333,25.486666666666668,37.78,23.343333333333334
2023-10-06,112.72666666666667,29.71666666666667,19.53333333333333,40.78333333333333,22.52333333333333
2023-10-07,113.99333333333334,42.88,27.3,46.43666666666667,27.986666666666665
2023-10-08,114.37666666666668,40.16,28.71666666666667,45.53,30.33
2023-10-09,113.8,30.73,19.316666666666663,37.2,23.08
2023-10-10,112.83,32.93333333333333,23.87,40.95333333333334,23.22666666666667
2023-10-11,113.71666666666664,31.346666666666664,21.093333333333334,45.01333333333333,22.473333333333333
2023-10-12,113.98333333333332,39.88666666666666,19.87,36.32333333333333,23.473333333333333
2023-10-13,114.30666666666669,30.416666666666668,22.58333333333333,39.60666666666666,21.28333333333333
2023-10-14,114.37666666666668,38.76333333333333,30.85666666666667,45.47666666666667,30.84
2023-10-15,115.94333333333334,41.71666666666667,33.343333333333334,42.85999999999999,27.896666666666665
2023-10-16,113.65666666666664,37.653333333333336,29.80333333333333,27.316666666666663,19.8
2023-10-17,110.99,32.93333333333333,25.02333333333333,36.97,21.21333333333333
2023-10-18,111.73,25.00333333333333,24.99666666666667,39.07,20.75333333333333
2023-10-19,115.61333333333334,27.906666666666663,20.126666666666665,20.84,26.22
2023-10-20,116.08,32.51333333333333,28.776666666666667,29.76,23.743333333333336
2023-10-21,115.12333333333332,40.84,33.663333333333334,38.82333333333333,29.02
2023-10-22,114.47666666666667,37.98666666666667,36.196666666666665,42.9,32.86333333333334
2023-10-23,115.52333333333333,28.953333333333333,22.42333333333333,29.19666666666667,24.606666666666666
2023-10-24,109.95,33.88333333333333,20.646666666666665,33.06333333333333,24.51
2023-10-25,111.21666666666664,32.81333333333333,26.33333333333333,28.656666666666663,25.53
2023-10-26,111.26666666666668,30.813333333333333,24.36,38.73333333333333,21.896666666666665
2023-10-27,115.88333333333333,27.33,24.47666666666667,37.42333333333334,25.30333333333333
2023-10-28,115.75,46.6,35.60666666666666,42.21,29.50333333333333
2023-10-29,114.98666666666666,33.09666666666667,34.96,38.39,30.41333333333333
2023-10-30,116.33,30.2,20.83,25.76333333333333,20.63
2023-10-31,115.59333333333332,30.856666666666666,21.48333333333333,26.146666666666665,23.27333333333333
2023-11-01,117.45333333333332,34.28333333333333,26.776666666666667,27.21666666666667,26.166666666666668
2023-11-02,116.64333333333332,32.45,26.48,29.08333333333333,23.67333333333333
2023-11-03,115.58,30.07333333333333,30.356666666666666,28.65333333333333,26.57333333333333
2023-11-04,116.45666666666666,37.876666666666665,25.21333333333333,40.41,30.403333333333336
2023-11-05,116.61666666666667,37.75333333333334,37.67333333333334,37.58,27.286666666666665
2023-11-06,117.41666666666669,36.873333333333335,29.49333333333333,37.74,27.596666666666664
2023-11-07,117.35666666666668,25.71,23.85333333333333,22.0,21.60333333333333
2023-11-08,118.62666666666668,27.62333333333333,23.18,28.52,23.063333333333333
2023-11-09,117.78,35.52333333333333,21.74,39.54666666666667,26.76
2023-11-10,117.97333333333334,29.22666666666667,26.656666666666663,41.14333333333334,27.953333333333333
2023-11-11,117.42333333333332,38.45333333333333,35.693333333333335,34.70666666666667,29.613333333333333
2023-11-12,117.47666666666667,42.12,27.166666666666668,37.55,26.826666666666664
2023-11-13,118.34333333333332,32.93,19.14333333333333,28.46,25.636666666666667
2023-11-14,115.89,29.08,22.46333333333333,30.0,24.743333333333336
2023-11-15,119.43,34.163333333333334,22.03333333333333,36.68,23.46333333333333
2023-11-16,120.38,35.39666666666667,25.656666666666663,37.88333333333333,23.41333333333333
2023-11-17,114.53666666666668,33.29666666666667,23.34,27.62333333333333,29.953333333333333
2023-11-18,112.29666666666668,38.78,33.553333333333335,46.2,32.31666666666667
2023-11-19,111.80333333333331,43.66333333333333,34.14333333333334,31.18,24.540000000000003
2023-11-20,116.44333333333331,34.11666666666667,21.346666666666664,30.506666666666664,22.47
2023-11-21,118.11333333333334,31.72,17.43,30.866666666666664,24.37333333333333
2023-11-22,119.43333333333334,31.42333333333333,22.066666666666663,30.66,26.316666666666663
2023-11-23,119.48,37.37333333333333,18.63,39.67333333333333,17.87333333333333
2023-11-24,119.14333333333332,24.406666666666663,16.830000000000002,32.623333333333335,21.676666666666662
2023-11-25,119.53000000000002,39.06333333333333,26.32333333333333,29.32333333333333,32.46333333333333
2023-11-26,119.11666666666667,36.96333333333333,33.81,44.24,32.17666666666667
2023-11-27,119.43333333333334,34.74666666666667,22.536666666666665,38.38,20.566666666666663
2023-11-28,119.93666666666668,28.666666666666668,20.30333333333333,24.58,21.56
2023-11-29,120.37666666666668,32.13666666666667,25.58666666666667,27.826666666666668,27.326666666666668
2023-11-30,122.55666666666669,33.86333333333334,20.72,35.02,25.94
2023-12-01,122.70333333333332,26.65,22.12,25.24,21.19
2023-12-02,120.98333333333332,35.85,31.616666666666664,36.406666666666666,29.883333333333336
2023-12-03,121.70333333333332,36.63999999999999,33.52,37.76333333333333,34.79333333333333
2023-12-04,121.69333333333334,35.596666666666664,23.926666666666662,35.93666666666667,25.766666666666666
2023-12-05,121.15,27.430000000000003,25.27,29.22,24.343333333333334
2023-12-06,111.82333333333334,32.63999999999999,24.60333333333333,32.07333333333333,24.133333333333336
2023-12-07,116.88666666666666,33.776666666666664,19.07,32.88,22.486666666666668
2023-12-08,116.93666666666668,34.38999999999999,26.066666666666663,33.080000000000005,23.406666666666663
2023-12-09,117.70666666666666,37.22666666666667,34.083333333333336,31.42,29.99
2023-12-10,117.33333333333331,38.64333333333334,34.516666666666666,32.21666666666667,26.78333333333333
2023-12-11,120.23333333333332,33.03333333333333,23.71333333333333,31.546666666666667,21.040000000000003
2023-12-12,121.66333333333334,29.320000000000004,29.65,37.32,22.933333333333334
2023-12-13,120.83,33.553333333333335,28.933333333333337,36.193333333333335,17.415
2023-12-14,119.5175,34.86,29.7875,33.9325,24.73
2023-12-15,119.9175,37.5225,27.11,31.5825,22.0275
2023-12-16,120.2025,42.8675,46.0475,28.2275,32.71
2023-12-17,119.395,40.9075,31.0925,40.715,34.2525
2023-12-18,119.595,36.545,25.0675,37.2525,24.7275
2023-12-19,120.455,33.3075,31.7575,32.6725,28.3425
2023-12-20,118.625,32.7625,24.1425,27.1725,27.655
2023-12-21,119.0425,30.9425,32.5025,34.21,25.04
2023-12-22,118.895,28.345,27.915,33.2075,25.59
2023-12-23,120.045,35.465,37.1425,36.285,33.86
2023-12-24,119.565,42.415,28.12,37.64,34.997499999999995
2023-12-25,120.085,32.167500000000004,27.9475,33.9325,27.575
2023-12-26,119.6675,33.68,26.6625,38.9175,25.2925
2023-12-27,117.9425,37.16,33.2625,28.905,28.1625
2023-12-28,116.845,33.1075,30.74,33.1775,33.2325
2023-12-29,120.235,33.56,32.8875,42.06,31.0425
2023-12-30,118.965,39.53,34.682500000000005,46.3175,31.8
2023-12-31,125.93,36.605,32.942499999999995,46.22,31.3025
2024-01-01,126.765,38.6425,41.61,44.22,36.775
2024-01-02,125.9025,40.6675,24.31,50.120000000000005,34.5625
2024-01-03,125.455,34.4775,35.06,51.27,29.1525
2024-01-04,118.955,32.817499999999995,34.9525,41.6325,34.2575
2024-01-05,119.0075,39.255,36.5025,46.4725,31.2125
2024-01-06,122.19,37.7075,37.775,47.8775,29.1125
2024-01-07,124.1275,33.08,24.7325,37.6475,29.2625
2024-01-08,124.3275,31.195,31.9,30.565,31.3475
2024-01-09,123.985,33.6725,27.1025,20.2125,22.695
2024-01-10,122.95,31.66,30.99,33.215,27.1275
2024-01-11,123.0725,28.2125,26.695,28.935,22.195
2024-01-12,123.905,31.59,24.06,35.885,27.93
2024-01-13,128.0975,38.9925,35.705,46.5075,33.9725
2024-01-14,130.8275,41.9875,33.595,45.185,31.3975
2024-01-15,129.055,31.1625,27.8725,34.57,29.6325
2024-01-16,123.73,29.635,31.515,25.8075,23.675
2024-01-17,123.43,31.7525,25.8725,23.0425,24.1425
2024-01-18,125.245,28.7925,25.0475,38.68,26.4675
2024-01-19,123.48,31.54,26.305,30.04,27.1525
2024-01-20,122.685,40.845,37.965,41.6575,32.535
2024-01-21,124.37,33.4325,36.1875,28.9775,32.2675
2024-01-22,124.2825,28.3875,27.61,28.335,23.4425
2024-01-23,126.8225,30.37,31.395,41.9425,25.705
2024-01-24,130.4375,32.0175,27.0925,39.4875,23.745
2024-01-25,132.9875,30.6925,28.9575,37.83,24.4475
2024-01-26,133.5775,28.9775,26.36,37.155,25.9075
2024-01-27,132.8525,38.807500000000005,39.175,40.4125,29.7375
2024-01-28,132.8475,39.07,30.025,38.5475,30.525
2024-01-29,134.45,31.195,26.0875,33.295,23.515
2024-01-30,136.44,31.565,37.255,31.8175,23.335
2024-01-31,136.4675,35.525,30.975,35.2775,28.0925
2024-02-01,133.985,27.9925,31.68,28.3575,26.83
2024-02-02,133.8575,31.78,31.0775,30.13,30.9225
2024-02-03,134.04,35.5475,31.4375,34.2825,33.0225
2024-02-04,134.0775,34.5825,36.5175,39.74,31.4825
2024-02-05,134.94,32.8775,27.5225,33.6725,22.455
2024-02-06,133.875,29.775,29.52,31.1625,26.25
2024-02-07,133.09,31.18,27.41,31.4825,23.0825
2024-02-08,133.45499999999998,28.9925,27.8875,26.155,24.97
2024-02-09,131.9325,31.3975,26.6525,30.7775,26.9375
2024-02-10,132.9175,37.3025,30.1325,37.7425,31.95
2024-02-11,132.72500000000002,31.885,29.065,32.125,29.6325
2024-02-12,132.53,30.425,28.5225,34.3675,25.305
2024-02-13,134.25,30.0025,28.2075,30.5775,25.4975
2024-02-14,135.405,28.8775,29.715,31.6475,25.4925
2024-02-15,138.66,30.3,25.5725,36.5425,22.5575
2024-02-16,143.6625,32.04,27.19,33.1675,25.9
2024-02-17,144.54250000000002,41.2575,35.7925,41.7075,29.94
2024-02-18,144.4,35.3375,28.9475,35.4775,27.7625
2024-02-19,142.17000000000002,31.8775,27.235,37.7575,20.7275
2024-02-20,137.5925,28.855,23.5525,29.0725,24.29
2024-02-21,139.06,30.1775,31.305,28.465,23.3525
2024-02-22,139.735,33.615,29.6425,24.2875,27.2525
2024-02-23,139.2525,39.535,33.2725,47.5925,27.0875
2024-02-24,138.70499999999998,45.3375,32.06,40.41,28.6975
2024-02-25,139.10750000000002,34.415,32.065,38.495,25.095
2024-02-26,140.315,30.355,26.69,23.64,22.8875
2024-02-27,137.975,32.025,28.59,31.9075,21.5075
2024-02-28,137.555,30.065,26.2,38.2525,22.37
2024-02-29,137.6775,29.985,26.0,30.6275,25.9225
2024-03-01,137.2775,33.8775,28.3775,33.46,25.39
2024-03-02,137.705,39.9675,37.3725,31.6775,30.8425
2024-03-03,137.6025,37.585,33.4625,44.24,28.8025
2024-03-04,137.3875,29.995,29.06,32.115,25.045
2024-03-05,137.705,29.3575,28.94,29.0225,26.6475
2024-03-06,139.51,32.9375,30.575,30.3625,29.255
2024-03-07,143.095,35.175,27.1325,35.97,26.2925
2024-03-08,142.2425,37.84,30.085,40.94,28.9975
2024-03-09,142.9125,33.895,28.1025,43.5475,27.65
2024-03-10,142.6925,36.0525,35.71,50.13,28.51
2024-03-11,141.555,33.1925,24.7675,32.160000000000004,23.2425
2024-03-12,137.615,28.56,28.36,32.985,22.39
2024-03-13,136.495,30.04,28.2825,32.3325,24.24
2024-03-14,133.65,31.1875,28.4775,35.02,23.135
2024-03-15,133.23250000000002,34.5275,30.015,32.265,28.97
2024-03-16,132.2475,37.0125,32.3325,25.88,31.885
2024-03-17,132.6925,39.305,35.54,35.7825,30.6325
2024-03-18,131.8125,31.295,24.5375,33.085,23.46
2024-03-19,132.96,30.21,24.6125,33.7475,23.43
2024-03-20,136.66,35.4025,25.6175,38.92,25.785
2024-03-21,141.7025,32.8325,27.4275,33.9775,23.7175
2024-03-22,144.0025,34.2325,29.13,33.2225,26.1975
2024-03-23,145.23,39.8475,36.22,42.565,32.675
2024-03-24,145.1525,37.285,40.21,38.1925,32.4775
2024-03-25,144.05,29.9925,24.2125,30.925,26.0475
2024-03-26,136.85500000000002,29.57,31.3625,32.537499999999994,23.9425
2024-03-27,133.2475,36.89,30.3925,35.545,26.85
2024-03-28,133.9225,35.4725,32.83,40.4075,24.1625
2024-03-29,136.53750000000002,31.2675,31.5475,35.8075,22.125
2024-03-30,136.005,40.37,35.5025,29.6325,30.7725
2024-03-31,136.02,38.55,31.7275,42.795,31.8925
2024-04-01,135.6575,32.15,27.8425,30.535,23.5
2024-04-02,135.4375,33.4075,27.825,27.72,23.6475
2024-04-03,133.5925,34.28,31.325000000000003,34.8925,27.89
2024-04-04,135.425,31.705,29.9225,36.8825,26.565
2024-04-05,138.8375,34.385,30.635,34.7425,25.4725
2024-04-06,139.6425,38.475,36.3475,34.942499999999995,34.525
2024-04-07,139.9025,45.6,36.87,26.7725,32.985
2024-04-08,140.12,34.115,25.545,32.6275,20.4225
2024-04-09,139.6625,29.84,28.3875,28.4375,23.355
2024-04-10,137.5875,33.31,26.35,33.3425,25.885
2024-04-11,138.68,32.0825,30.55,30.975,23.545
2024-04-12,137.25,37.85,32.265,41.165,25.045
2024-04-13,135.9525,36.45,32.215,36.3425,34.6875
2024-04-14,137.6275,41.7725,43.025,40.12,34.295
2024-04-15,139.035,29.75,29.235000000000003,28.7875,21.9275
2024-04-16,140.20499999999998,32.2525,30.2275,31.77,23.635
2024-04-17,137.10500000000002,34.595,29.14,28.5475,21.585
2024-04-18,137.6725,32.6325,28.895,30.37,23.3725
2024-04-19,137.16,32.1925,28.8175,34.917500000000004,25.82
2024-04-20,139.12,37.305,36.6175,37.805,33.3625
2024-04-21,139.7625,40.765,41.47,38.0525,29.8525
2024-04-22,139.81,31.0025,30.83,27.1725,23.6275
2024-04-23,139.3275,31.635,30.08,26.83,23.405
2024-04-24,140.4675,32.2725,33.5725,39.7975,26.165
2024-04-25,139.665,32.97,30.7675,31.0825,24.4925
2024-04-26,139.395,33.235,28.2975,31.32,24.2775
2024-04-27,139.4175,31.685,29.5375,26.8475,22.825
2024-04-28,140.5675,37.385000000000005,32.4775,48.1725,30.21
2024-04-29,139.24,33.3375,35.2525,37.47,32.1075
2024-04-30,140.0075,40.81,32.985,42.6125,31.2825
2024-05-01,138.325,40.2975,33.8775,35.18,31.63
2024-05-02,139.085,29.87,23.375,35.19,24.0475
2024-05-03,139.23,32.885,28.0375,32.325,24.7125
2024-05-04,139.96249999999998,35.745,39.3025,40.7875,33.5
2024-05-05,140.43,37.095,31.845,39.305,26.9825
2024-05-06,137.3075,31.8675,26.3375,33.4025,28.015
2024-05-07,137.45499999999998,30.0,22.665,32.7825,24.4525
2024-05-08,137.26,30.5725,26.7025,34.3775,25.375
2024-05-09,137.58,33.765,31.3975,44.45,33.5025
2024-05-10,137.1175,37.682500000000005,30.6375,44.4975,33.84
2024-05-11,135.945,34.7875,38.4225,44.67,33.355
2024-05-12,136.0925,37.0475,34.055,47.8775,31.115
2024-05-13,137.96,32.5825,24.135,32.9475,25.4875
2024-05-14,139.985,28.55,26.6875,35.065,25.1125
2024-05-15,138.9425,31.090000000000003,30.8025,34.66,25.0125
2024-05-16,137.0675,30.61,28.86,34.004999999999995,24.44
2024-05-17,135.1575,29.9325,28.325000000000003,36.655,24.8275
2024-05-18,134.81,34.285,32.285,42.8175,30.975
2024-05-19,134.105,35.3025,38.4125,39.0675,31.2775
2024-05-20,135.63,31.5375,29.725,30.0275,21.8675
2024-05-21,140.175,32.53,22.65,26.42,25.625
2024-05-22,139.76,34.4225,25.025,36.9725,26.4625
2024-05-23,139.7125,32.650000000000006,28.7825,36.5775,25.405
2024-05-24,139.16,35.345,28.515,36.335,24.2775
2024-05-25,139.085,40.4575,34.1625,33.875,27.1725
2024-05-26,139.87,39.085,31.9175,43.447500000000005,28.855
2024-05-27,138.445,33.2275,29.55,30.9075,24.73
2024-05-28,140.01,34.435,22.495,29.7775,24.2475
2024-05-29,137.5975,29.27,26.2225,24.215,25.9075
2024-05-30,136.38,31.77,22.035,34.25,25.8775
2024-05-31,138.7275,24.7625,23.51,36.96,24.4175
2024-06-01,140.04500000000002,38.5775,29.3875,33.75,29.015
2024-06-02,139.1975,36.9125,29.14,30.0525,30.5625
2024-06-03,139.905,32.6625,25.775,25.4025,25.5
2024-06-04,138.9425,30.465,25.5775,34.2525,22.8025
2024-06-05,139.3225,34.864999999999995,21.12,23.4675,22.525
2024-06-06,138.405,34.2275,27.9,27.085,19.855
2024-06-07,140.1375,33.85,29.1025,28.16,23.215
2024-06-08,139.3425,39.8725,28.81,37.9025,32.5825
2024-06-09,139.435,40.2025,25.380000000000003,35.185,27.15
2024-06-10,138.65,31.5725,26.055,31.2825,20.4375
2024-06-11,136.3625,34.62,24.9925,27.3125,22.707500000000003
2024-06-12,134.3375,39.39,30.5575,28.2325,28.2475
2024-06-13,134.505,32.3775,25.0275,32.910000000000004,26.6975
2024-06-14,136.69,27.57,30.8525,34.25,25.45
2024-06-15,137.555,40.15,29.065,31.75,31.505000000000003
2024-06-16,136.775,42.125,33.04,26.3975,29.5975
2024-06-17,138.275,34.9175,26.915,33.5575,26.34
2024-06-18,137.56,30.7875,26.2525,37.075,23.5775
2024-06-19,137.1375,30.2325,30.71,30.75,26.2475
2024-06-20,137.93,30.075,27.87,31.43,26.905
2024-06-21,138.8075,30.2725,26.97,28.42,27.4425
2024-06-22,139.97750000000002,38.115,27.045,36.5975,34.5275
2024-06-23,138.715,35.8825,35.0125,40.7575,35.4775
2024-06-24,138.9925,31.8275,30.5475,40.7425,24.145
2024-06-25,139.8725,31.3225,27.605,33.6125,24.75
2024-06-26,138.1,30.75,27.075,42.9625,23.0475
2024-06-27,136.09,30.825,26.135,38.4,26.17
2024-06-28,135.5925,26.735,27.262500000000003,31.3225,22.15
2024-06-29,136.82,32.5975,30.5375,45.9575,32.6875
2024-06-30,137.485,32.129999999999995,24.4225,33.3525,26.6025
2024-07-01,137.22,28.4625,21.5375,29.56,21.7475
2024-07-02,136.5625,25.8975,20.98,24.655,18.86
2024-07-03,134.995,27.885,22.375,25.3125,20.955
2024-07-04,133.7775,24.23,25.4675,26.045,23.5275
2024-07-05,137.5625,24.0175,22.3425,28.9,19.4825
2024-07-06,138.2825,36.0625,28.9925,43.0325,28.805
2024-07-07,138.81,37.445,27.6925,48.400000000000006,30.95
2024-07-08,139.2575,25.73,27.0825,30.8575,24.2975
2024-07-09,136.7525,33.375,24.1675,30.1125,22.067500000000003
2024-07-10,134.1225,30.3375,30.207500000000003,38.74,24.4
2024-07-11,130.78,31.2325,23.845,39.5475,24.6875
2024-07-12,132.04250000000002,33.05,27.095,35.25,25.385
2024-07-13,135.17,39.715,31.075,46.3525,31.0375
2024-07-14,134.44,37.415,34.2525,39.28,28.9125
2024-07-15,133.505,32.1425,24.5275,37.3625,23.42
2024-07-16,125.945,32.0075,27.135,35.28,23.9025
2024-07-17,126.9875,30.8075,26.74,39.26,26.4
2024-07-18,131.135,31.465,28.7225,33.9525,22.6975
2024-07-19,131.3275,30.18,27.49,34.9175,23.7875
2024-07-20,131.16,37.4025,26.1775,36.5525,31.6025
2024-07-21,130.84,39.1275,23.6,41.65,33.55
2024-07-22,131.315,27.195,24.8025,31.705,27.275
2024-07-23,131.63,28.6625,21.455,34.63,22.8725
2024-07-24,131.6575,29.520000000000003,23.92,35.5375,26.3025
2024-07-25,131.44,33.0725,26.61,41.8325,25.76
2024-07-26,131.155,29.625,26.585,31.21,26.74
2024-07-27,130.575,33.96,25.735,42.6,33.285
2024-07-28,130.895,36.9175,29.4775,45.915,27.6375
2024-07-29,129.9725,28.225,24.97,36.2775,24.9175
2024-07-30,132.245,30.405,26.495,41.095,24.505000000000003
2024-07-31,136.4625,28.1225,25.18,38.15,23.665
2024-08-01,130.4875,27.11,27.5925,42.82,25.7075
2024-08-02,132.04,27.42,27.71,39.535,26.275
2024-08-03,134.1975,39.73,30.0675,46.605,35.9875
2024-08-04,134.0525,38.9175,28.84,37.415,32.69
2024-08-05,131.825,30.1825,24.4675,35.5275,24.3375
2024-08-06,128.625,27.3675,20.7375,40.9475,26.5275
2024-08-07,130.405,30.5975,26.5625,37.085,24.3775
2024-08-08,133.32,28.1175,21.5075,30.515,25.325
2024-08-09,133.3075,30.2875,24.325,35.0975,28.3425
2024-08-10,132.8075,35.86,26.65,49.685,32.69
2024-08-11,132.16,40.2425,30.0425,42.78,33.84
2024-08-12,132.4125,32.2625,23.81,34.875,25.387500000000003
2024-08-13,125.885,32.6425,26.9375,41.225,28.09
2024-08-14,123.6,30.99,22.2575,29.8375,28.24
2024-08-15,133.7775,31.605,25.950000000000003,41.075,23.955
2024-08-16,132.54500000000002,31.59,27.0775,34.52,26.9275
2024-08-17,132.97750000000002,40.755,28.755000000000003,43.4075,31.78
2024-08-18,132.6625,38.8675,29.8975,43.755,29.91
2024-08-19,132.385,30.61,25.2925,37.0675,21.8075
2024-08-20,132.26,29.6575,27.41,39.04,23.575
2024-08-21,128.2725,31.0125,24.405,42.355,28.8425
2024-08-22,128.395,29.340000000000003,29.785,32.4625,26.1175
2024-08-23,130.7825,31.4925,25.385,33.83,23.965
2024-08-24,130.525,40.05,33.2125,45.435,34.1525
2024-08-25,131.46,42.3425,29.7425,40.615,33.2175
2024-08-26,130.88,31.3375,29.95,39.79,25.2025
2024-08-27,128.375,31.9725,26.0125,34.0775,22.9475
2024-08-28,129.22333333333333,30.62,22.33,41.5525,24.04
2024-08-29,127.315,33.5475,23.4375,37.2225,25.2075
2024-08-30,126.7,32.36,25.78,39.8825,24.575
2024-08-31,122.7425,33.755,28.7275,36.855,26.5625
2024-09-01,122.66,35.9275,26.785,39.24,28.14
2024-09-02,123.7625,36.675,26.4625,34.6525,27.137500000000003
2024-09-03,125.1,33.0475,25.3575,36.03,24.9975
2024-09-04,125.7775,30.85,28.52,32.36,26.02
2024-09-05,125.175,30.52,24.515,34.5975,24.895
2024-09-06,124.9475,33.5,25.7825,40.19,26.305
2024-09-07,125.0725,32.395,31.6075,39.175,29.755
2024-09-08,125.03,34.22,33.1325,36.995,27.455
2024-09-09,126.16,28.89,23.8475,32.405,22.9275
2024-09-10,126.8675,29.1675,25.415,39.015,25.45
2024-09-11,127.575,29.545,28.14,38.4425,23.1225
2024-09-12,127.94,33.37,33.19,37.46,25.1825
2024-09-13,129.125,29.3475,27.05,38.072500000000005,25.9425
2024-09-14,132.965,40.7875,32.25,42.76,32.7025
2024-09-15,132.99,42.59,32.735,44.8975,31.4825
2024-09-16,133.45,32.1775,28.495,40.67,25.92
2024-09-17,134.0125,29.2175,27.6275,39.37,25.72
2024-09-18,130.39499999999998,28.4275,29.0275,40.94,25.2725
2024-09-19,129.8775,35.545,31.04,37.807500000000005,27.0
2024-09-20,130.41750000000002,33.4625,26.45,39.665,27.9225
2024-09-21,133.11,38.1275,32.54,43.525000000000006,31.055
2024-09-22,132.54250000000002,38.2925,33.315,41.87,28.665
2024-09-23,133.07,34.445,27.965,41.5525,25.0925
2024-09-24,130.175,33.645,25.6275,39.3275,25.385
2024-09-25,130.6825,30.1175,24.9425,40.94,25.8625
2024-09-26,130.585,32.07,25.91,32.6125,22.285
